-- phpMyAdmin SQL Dump
-- version 5.0.1
-- https://www.phpmyadmin.net/
--
-- Host: 127.0.0.1
-- Generation Time: Aug 19, 2021 at 12:02 AM
-- Server version: 10.4.11-MariaDB
-- PHP Version: 7.4.2

SET SQL_MODE = "NO_AUTO_VALUE_ON_ZERO";
SET AUTOCOMMIT = 0;
START TRANSACTION;
SET time_zone = "+00:00";


/*!40101 SET @OLD_CHARACTER_SET_CLIENT=@@CHARACTER_SET_CLIENT */;
/*!40101 SET @OLD_CHARACTER_SET_RESULTS=@@CHARACTER_SET_RESULTS */;
/*!40101 SET @OLD_COLLATION_CONNECTION=@@COLLATION_CONNECTION */;
/*!40101 SET NAMES utf8mb4 */;

--
-- Database: `java`
--

-- --------------------------------------------------------

--
-- Table structure for table `connection`
--

CREATE TABLE `connection` (
  `id` bigint(20) NOT NULL,
  `length` int(11) NOT NULL,
  `destination_station_id` bigint(20) DEFAULT NULL,
  `source_station_id` bigint(20) DEFAULT NULL
) ENGINE=InnoDB DEFAULT CHARSET=utf8mb4;

--
-- Dumping data for table `connection`
--

INSERT INTO `connection` (`id`, `length`, `destination_station_id`, `source_station_id`) VALUES
(59, 500, 47, 28),
(60, 500, 39, 47),
(61, 500, 30, 39),
(62, 500, 9, 30),
(63, 500, 62, 9),
(64, 500, 73, 62),
(65, 500, 13, 73),
(66, 500, 14, 13),
(77, 500, 36, 43),
(78, 500, 38, 36),
(79, 500, 80, 38),
(80, 500, 38, 80),
(81, 500, 36, 38),
(82, 500, 43, 36),
(93, 500, 13, 14),
(94, 500, 73, 13),
(95, 500, 62, 73),
(96, 500, 9, 62),
(97, 500, 30, 9),
(98, 500, 39, 30),
(99, 500, 47, 39),
(100, 500, 28, 47),
(101, 500, 88, 51),
(102, 500, 86, 88),
(103, 500, 31, 86),
(104, 500, 42, 31),
(105, 500, 72, 42),
(106, 500, 78, 72),
(107, 500, 60, 78),
(108, 500, 21, 60),
(112, 500, 44, 81),
(113, 500, 87, 44),
(114, 500, 69, 87),
(115, 500, 12, 69),
(116, 500, 70, 12),
(117, 500, 8, 70),
(118, 500, 33, 8),
(119, 500, 48, 33),
(120, 500, 33, 48),
(121, 500, 8, 33),
(122, 500, 70, 8),
(123, 500, 12, 70),
(124, 500, 69, 12),
(125, 500, 87, 69),
(126, 500, 44, 87),
(127, 500, 81, 44),
(131, 500, 60, 21),
(132, 500, 78, 60),
(133, 500, 72, 78),
(134, 500, 42, 72),
(135, 500, 31, 42),
(136, 500, 86, 31),
(137, 500, 88, 86),
(138, 500, 51, 88),
(139, 500, 47, 28),
(140, 500, 39, 47),
(141, 500, 30, 39),
(142, 500, 35, 30),
(143, 500, 49, 35),
(144, 500, 17, 49),
(145, 500, 15, 17),
(146, 500, 26, 15),
(147, 500, 18, 26),
(148, 500, 74, 18),
(149, 500, 21, 74),
(153, 500, 44, 81),
(154, 500, 87, 44),
(155, 500, 69, 87),
(156, 500, 12, 69),
(157, 500, 70, 12),
(158, 500, 8, 70),
(159, 500, 23, 8),
(160, 500, 1, 23),
(161, 500, 71, 1),
(162, 500, 10, 71),
(163, 500, 45, 10),
(164, 500, 4, 45),
(165, 500, 45, 4),
(166, 500, 10, 45),
(167, 500, 71, 10),
(168, 500, 1, 71),
(169, 500, 23, 1),
(170, 500, 8, 23),
(171, 500, 70, 8),
(172, 500, 12, 70),
(173, 500, 69, 12),
(174, 500, 87, 69),
(175, 500, 44, 87),
(176, 500, 81, 44),
(180, 500, 74, 21),
(181, 500, 18, 74),
(182, 500, 26, 18),
(183, 500, 15, 26),
(184, 500, 17, 15),
(185, 500, 49, 17),
(186, 500, 35, 49),
(187, 500, 30, 35),
(188, 500, 39, 30),
(189, 500, 47, 39),
(190, 500, 28, 47),
(191, 500, 57, 19),
(192, 500, 90, 57),
(193, 500, 20, 90),
(194, 500, 54, 20),
(195, 500, 50, 54),
(196, 500, 32, 50),
(197, 500, 46, 32),
(198, 500, 55, 46),
(199, 500, 29, 55),
(200, 500, 27, 29),
(201, 500, 42, 27),
(202, 500, 72, 42),
(203, 500, 41, 72),
(204, 500, 68, 41),
(205, 500, 63, 68),
(206, 500, 56, 63),
(209, 500, 59, 7),
(210, 500, 40, 59),
(211, 500, 3, 40),
(212, 500, 64, 3),
(213, 500, 77, 64),
(214, 500, 37, 77),
(215, 500, 82, 37),
(216, 500, 89, 82),
(217, 500, 82, 89),
(218, 500, 37, 82),
(219, 500, 77, 37),
(220, 500, 64, 77),
(221, 500, 3, 64),
(222, 500, 40, 3),
(223, 500, 59, 40),
(224, 500, 7, 59),
(227, 500, 75, 84),
(228, 500, 68, 75),
(229, 500, 41, 68),
(230, 500, 72, 41),
(231, 500, 42, 72),
(232, 500, 27, 42),
(233, 500, 29, 27),
(234, 500, 55, 29),
(235, 500, 46, 55),
(236, 500, 16, 46),
(237, 500, 32, 16),
(238, 500, 50, 32),
(239, 500, 54, 50),
(240, 500, 20, 54),
(241, 500, 90, 20),
(242, 500, 57, 90),
(243, 500, 19, 57),
(258, 500, 83, 6),
(259, 500, 61, 83),
(260, 500, 85, 61),
(261, 500, 5, 85),
(262, 500, 65, 5),
(263, 500, 2, 65),
(264, 500, 11, 2),
(265, 500, 52, 11),
(266, 500, 53, 52),
(267, 500, 24, 53),
(268, 500, 25, 24),
(269, 500, 76, 25),
(270, 500, 22, 76),
(271, 500, 58, 22),
(272, 500, 91, 58),
(273, 500, 58, 91),
(274, 500, 22, 58),
(275, 500, 76, 22),
(276, 500, 25, 76),
(277, 500, 24, 25),
(278, 500, 53, 24),
(279, 500, 52, 53),
(280, 500, 11, 52),
(281, 500, 2, 11),
(282, 500, 65, 2),
(283, 500, 5, 65),
(284, 500, 85, 5),
(285, 500, 61, 85),
(286, 500, 83, 61),
(287, 500, 6, 83),
(288, 500, 62, 73),
(289, 500, 9, 62),
(290, 500, 35, 9),
(291, 500, 49, 35),
(292, 500, 17, 49),
(293, 500, 15, 17),
(294, 500, 26, 15),
(295, 500, 18, 26),
(296, 500, 74, 18),
(297, 500, 21, 74),
(298, 500, 22, 21),
(299, 500, 58, 22),
(300, 500, 43, 58),
(301, 500, 67, 43),
(302, 500, 66, 67),
(303, 500, 79, 66),
(304, 500, 34, 79),
(305, 500, 67, 34),
(306, 500, 43, 67),
(307, 500, 58, 43),
(308, 500, 22, 58),
(309, 500, 21, 22),
(310, 500, 74, 21),
(311, 500, 18, 74),
(312, 500, 26, 18),
(313, 500, 15, 26),
(314, 500, 17, 15),
(315, 500, 49, 17),
(316, 500, 35, 49),
(317, 500, 9, 35),
(318, 500, 62, 9),
(319, 500, 73, 62),
(322, 500, 2, 14),
(323, 500, 81, 58),
(324, 500, 22, 56),
(325, 500, 7, 22),
(326, 500, 58, 81),
(327, 500, 14, 2),
(328, 500, 22, 7),
(329, 500, 84, 22);

-- --------------------------------------------------------

--
-- Table structure for table `line`
--

CREATE TABLE `line` (
  `id` bigint(20) NOT NULL,
  `name` varchar(255) DEFAULT NULL
) ENGINE=InnoDB DEFAULT CHARSET=utf8mb4;

--
-- Dumping data for table `line`
--

INSERT INTO `line` (`id`, `name`) VALUES
(1, 'Linie 1 (Thüringenhalle - Europaplatz)'),
(2, 'Linie 2 (Wiesenhügel - P+R-Platz Messe)'),
(3, 'Linie 3 (Urbicher Kreuz - Europaplatz)'),
(4, 'Linie 4 (Ringelberg - Bindersleben)'),
(5, 'Linie 5 (Hauptfriedhof - Zoopark)'),
(6, 'Linie 6 (Steigerstraße - Rieth)');

-- --------------------------------------------------------

--
-- Table structure for table `line_entry`
--

CREATE TABLE `line_entry` (
  `id` bigint(20) NOT NULL,
  `order_value` int(11) NOT NULL,
  `line_id` bigint(20) DEFAULT NULL,
  `station_id` bigint(20) DEFAULT NULL
) ENGINE=InnoDB DEFAULT CHARSET=utf8mb4;

--
-- Dumping data for table `line_entry`
--

INSERT INTO `line_entry` (`id`, `order_value`, `line_id`, `station_id`) VALUES
(62, 0, 1, 28),
(63, 1, 1, 47),
(64, 2, 1, 39),
(65, 3, 1, 30),
(66, 4, 1, 9),
(67, 5, 1, 62),
(68, 6, 1, 73),
(69, 7, 1, 13),
(70, 8, 1, 14),
(71, 9, 1, 2),
(72, 10, 1, 11),
(73, 11, 1, 52),
(74, 12, 1, 53),
(75, 13, 1, 24),
(76, 14, 1, 25),
(77, 15, 1, 76),
(78, 16, 1, 22),
(79, 17, 1, 58),
(80, 18, 1, 43),
(81, 19, 1, 36),
(82, 20, 1, 38),
(83, 21, 1, 80),
(84, 22, 1, 38),
(85, 23, 1, 36),
(86, 24, 1, 43),
(87, 25, 1, 58),
(88, 26, 1, 22),
(89, 27, 1, 76),
(90, 28, 1, 25),
(91, 29, 1, 24),
(92, 30, 1, 53),
(93, 31, 1, 52),
(94, 32, 1, 11),
(95, 33, 1, 2),
(96, 34, 1, 14),
(97, 35, 1, 13),
(98, 36, 1, 73),
(99, 37, 1, 62),
(100, 38, 1, 9),
(101, 39, 1, 30),
(102, 40, 1, 39),
(103, 41, 1, 47),
(104, 42, 1, 28),
(105, 0, 2, 51),
(106, 1, 2, 88),
(107, 2, 2, 86),
(108, 3, 2, 31),
(109, 4, 2, 42),
(110, 5, 2, 72),
(111, 6, 2, 78),
(112, 7, 2, 60),
(113, 8, 2, 21),
(114, 9, 2, 22),
(115, 10, 2, 58),
(116, 11, 2, 81),
(117, 12, 2, 44),
(118, 13, 2, 87),
(119, 14, 2, 69),
(120, 15, 2, 12),
(121, 16, 2, 70),
(122, 17, 2, 8),
(123, 18, 2, 33),
(124, 19, 2, 48),
(125, 20, 2, 33),
(126, 21, 2, 8),
(127, 22, 2, 70),
(128, 23, 2, 12),
(129, 24, 2, 69),
(130, 25, 2, 87),
(131, 26, 2, 44),
(132, 27, 2, 81),
(133, 28, 2, 58),
(134, 29, 2, 22),
(135, 30, 2, 21),
(136, 31, 2, 60),
(137, 32, 2, 78),
(138, 33, 2, 72),
(139, 34, 2, 42),
(140, 35, 2, 31),
(141, 36, 2, 86),
(142, 37, 2, 88),
(143, 38, 2, 51),
(144, 0, 3, 28),
(145, 1, 3, 47),
(146, 2, 3, 39),
(147, 3, 3, 30),
(148, 4, 3, 35),
(149, 5, 3, 49),
(150, 6, 3, 17),
(151, 7, 3, 15),
(152, 8, 3, 26),
(153, 9, 3, 18),
(154, 10, 3, 74),
(155, 11, 3, 21),
(156, 12, 3, 22),
(157, 13, 3, 58),
(158, 14, 3, 81),
(159, 15, 3, 44),
(160, 16, 3, 87),
(161, 17, 3, 69),
(162, 18, 3, 12),
(163, 19, 3, 70),
(164, 20, 3, 8),
(165, 21, 3, 23),
(166, 22, 3, 1),
(167, 23, 3, 71),
(168, 24, 3, 10),
(169, 25, 3, 45),
(170, 26, 3, 4),
(171, 27, 3, 45),
(172, 28, 3, 10),
(173, 29, 3, 71),
(174, 30, 3, 1),
(175, 31, 3, 23),
(176, 32, 3, 8),
(177, 33, 3, 70),
(178, 34, 3, 12),
(179, 35, 3, 69),
(180, 36, 3, 87),
(181, 37, 3, 44),
(182, 38, 3, 81),
(183, 39, 3, 58),
(184, 40, 3, 22),
(185, 41, 3, 21),
(186, 42, 3, 74),
(187, 43, 3, 18),
(188, 44, 3, 26),
(189, 45, 3, 15),
(190, 46, 3, 17),
(191, 47, 3, 49),
(192, 48, 3, 35),
(193, 49, 3, 30),
(194, 50, 3, 39),
(195, 51, 3, 47),
(196, 52, 3, 28),
(197, 0, 4, 19),
(198, 1, 4, 57),
(199, 2, 4, 90),
(200, 3, 4, 20),
(201, 4, 4, 54),
(202, 5, 4, 50),
(203, 6, 4, 32),
(204, 7, 4, 46),
(205, 8, 4, 55),
(206, 9, 4, 29),
(207, 10, 4, 27),
(208, 11, 4, 42),
(209, 12, 4, 72),
(210, 13, 4, 41),
(211, 14, 4, 68),
(212, 15, 4, 63),
(213, 16, 4, 56),
(214, 17, 4, 22),
(215, 18, 4, 7),
(216, 19, 4, 59),
(217, 20, 4, 40),
(218, 21, 4, 3),
(219, 22, 4, 64),
(220, 23, 4, 77),
(221, 24, 4, 37),
(222, 25, 4, 82),
(223, 26, 4, 89),
(224, 27, 4, 82),
(225, 28, 4, 37),
(226, 29, 4, 77),
(227, 30, 4, 64),
(228, 31, 4, 3),
(229, 32, 4, 40),
(230, 33, 4, 59),
(231, 34, 4, 7),
(232, 35, 4, 22),
(233, 36, 4, 84),
(234, 37, 4, 75),
(235, 38, 4, 68),
(236, 39, 4, 41),
(237, 40, 4, 72),
(238, 41, 4, 42),
(239, 42, 4, 27),
(240, 43, 4, 29),
(241, 44, 4, 55),
(242, 45, 4, 46),
(243, 46, 4, 16),
(244, 47, 4, 32),
(245, 48, 4, 50),
(246, 49, 4, 54),
(247, 50, 4, 20),
(248, 51, 4, 90),
(249, 52, 4, 57),
(250, 53, 4, 19),
(266, 0, 5, 6),
(267, 1, 5, 83),
(268, 2, 5, 61),
(269, 3, 5, 85),
(270, 4, 5, 5),
(271, 5, 5, 65),
(272, 6, 5, 2),
(273, 7, 5, 11),
(274, 8, 5, 52),
(275, 9, 5, 53),
(276, 10, 5, 24),
(277, 11, 5, 25),
(278, 12, 5, 76),
(279, 13, 5, 22),
(280, 14, 5, 58),
(281, 15, 5, 91),
(282, 16, 5, 58),
(283, 17, 5, 22),
(284, 18, 5, 76),
(285, 19, 5, 25),
(286, 20, 5, 24),
(287, 21, 5, 53),
(288, 22, 5, 52),
(289, 23, 5, 11),
(290, 24, 5, 2),
(291, 25, 5, 65),
(292, 26, 5, 5),
(293, 27, 5, 85),
(294, 28, 5, 61),
(295, 29, 5, 83),
(296, 30, 5, 6),
(297, 0, 6, 73),
(298, 1, 6, 62),
(299, 2, 6, 9),
(300, 3, 6, 35),
(301, 4, 6, 49),
(302, 5, 6, 17),
(303, 6, 6, 15),
(304, 7, 6, 26),
(305, 8, 6, 18),
(306, 9, 6, 74),
(307, 10, 6, 21),
(308, 11, 6, 22),
(309, 12, 6, 58),
(310, 13, 6, 43),
(311, 14, 6, 67),
(312, 15, 6, 66),
(313, 16, 6, 79),
(314, 17, 6, 34),
(315, 18, 6, 67),
(316, 19, 6, 43),
(317, 20, 6, 58),
(318, 21, 6, 22),
(319, 22, 6, 21),
(320, 23, 6, 74),
(321, 24, 6, 18),
(322, 25, 6, 26),
(323, 26, 6, 15),
(324, 27, 6, 17),
(325, 28, 6, 49),
(326, 29, 6, 35),
(327, 30, 6, 9),
(328, 31, 6, 62),
(329, 32, 6, 73);

-- --------------------------------------------------------

--
-- Table structure for table `network`
--

CREATE TABLE `network` (
  `id` bigint(20) NOT NULL
) ENGINE=InnoDB DEFAULT CHARSET=utf8mb4;

--
-- Dumping data for table `network`
--

INSERT INTO `network` (`id`) VALUES
(1),
(2),
(3),
(4),
(5),
(6),
(7),
(8),
(9),
(10),
(11),
(12),
(13),
(14),
(15),
(16),
(17),
(18),
(19),
(20),
(21),
(22),
(23),
(24),
(25),
(26),
(27),
(28),
(29),
(30),
(31),
(32),
(33),
(34),
(35),
(36),
(37),
(38),
(39),
(40),
(41),
(42),
(43),
(44),
(45),
(46),
(47),
(48),
(49),
(50),
(51),
(52),
(53),
(54),
(55),
(56),
(57),
(58),
(59),
(60),
(61),
(62),
(63),
(64),
(65),
(66),
(67),
(68),
(69),
(70),
(71),
(72),
(73),
(74),
(75),
(76),
(77),
(78),
(79),
(80),
(81),
(82),
(83),
(84),
(85),
(86),
(87),
(88),
(89),
(90),
(91),
(92),
(93),
(94),
(95),
(96),
(97),
(98),
(99),
(100),
(101),
(102),
(103),
(104),
(105),
(106),
(107),
(108),
(109),
(110),
(111),
(112),
(113),
(114),
(115),
(116),
(117),
(118),
(119),
(120),
(121),
(122),
(123),
(124),
(125),
(126),
(127),
(128),
(129),
(130),
(131),
(132),
(133),
(134),
(135),
(136),
(137),
(138),
(139),
(140),
(141),
(142),
(143),
(144),
(145),
(146),
(147),
(148),
(149),
(150),
(151),
(152),
(153),
(154),
(155),
(156),
(157),
(158),
(159),
(160),
(161),
(162),
(163),
(164),
(165),
(166),
(167),
(168),
(169),
(170),
(171),
(172),
(173),
(174),
(175),
(176);

-- --------------------------------------------------------

--
-- Table structure for table `station`
--

CREATE TABLE `station` (
  `id` bigint(20) NOT NULL,
  `max_passengers` int(11) NOT NULL,
  `name` varchar(255) DEFAULT NULL,
  `network_id` bigint(20) DEFAULT NULL
) ENGINE=InnoDB DEFAULT CHARSET=utf8mb4;

--
-- Dumping data for table `station`
--

INSERT INTO `station` (`id`, `max_passengers`, `name`, `network_id`) VALUES
(1, 50, 'Melchendorfer Markt', 176),
(2, 50, 'Salinenstraße', 176),
(3, 50, 'Greifswalder Straße', 176),
(4, 50, 'Urbicher Kreuz', 176),
(5, 50, 'An Der Lache', 176),
(6, 50, 'Zoopark', 176),
(7, 50, 'Krämpfertor', 176),
(8, 50, 'Abzweig Wiesenhügel', 176),
(9, 50, 'Berliner Straße', 176),
(10, 50, 'Katholisches Krankenhaus', 176),
(11, 50, 'Ilversgehofner Platz', 176),
(12, 50, 'Sozialversicherungs', 176),
(13, 50, 'Mainzer Straße', 176),
(14, 50, 'Mittelhäuser Straße', 176),
(15, 50, 'Baumstraße', 176),
(16, 50, 'Walter-Gropius-Straße', 176),
(17, 50, 'Universitaet', 176),
(18, 50, 'Webergasse', 176),
(19, 50, 'Bindersleben', 176),
(20, 50, 'Orionstraße', 176),
(21, 50, 'Fischmarkt/Rathaus', 176),
(22, 50, 'Anger', 176),
(23, 50, 'Melchendorf', 176),
(24, 50, 'Boyneburgufer', 176),
(25, 50, 'Augustinerkloster', 176),
(26, 50, 'Bergstraße', 176),
(27, 50, 'Justiz Zentrum', 176),
(28, 50, 'Europaplatz', 176),
(29, 50, 'Bundesbreitsgericht', 176),
(30, 50, 'Warschauer Straße', 176),
(31, 50, 'Egapark', 176),
(32, 50, 'Hauptfriedhof', 176),
(33, 50, 'Färberweidweg', 176),
(34, 50, 'Milchinselstraße', 176),
(35, 50, 'Riethstraße', 176),
(36, 50, 'Landtag/Stadion Nord', 176),
(37, 50, 'Marcel-Breuer-Ring', 176),
(38, 50, 'Humboldstraße', 176),
(39, 50, 'Straße der Nationen', 176),
(40, 50, 'Hanseplatz', 176),
(41, 50, 'Gorkistraße', 176),
(42, 50, 'Gothaer Platz', 176),
(43, 50, 'Kaffetrichter', 176),
(44, 50, 'Tschaikowskistraße', 176),
(45, 50, 'Windischholzhausen/X-FAB', 176),
(46, 50, 'Nibelungenweg', 176),
(47, 50, 'Thüringenpark', 176),
(48, 50, 'Wiesenhügel', 176),
(49, 50, 'Klinikum', 176),
(50, 50, 'Am Kreuzchen', 176),
(51, 50, 'P+R Platz Messe', 176),
(52, 50, 'Wendenstraße', 176),
(53, 50, 'Lutherkirche/SWE', 176),
(54, 50, 'Volkenroder Weg', 176),
(55, 50, 'Gamstädterstraße', 176),
(56, 50, 'Hirschgarten', 176),
(57, 50, 'Büropark', 176),
(58, 50, 'Hauptbahnhof', 176),
(59, 50, 'Leipziger Platz', 176),
(60, 50, 'Domplatz Süd', 176),
(61, 50, 'August-Fröhlich-Straße', 176),
(62, 50, 'Vilniuser Straße', 176),
(63, 50, 'Karl-Marx-Platz', 176),
(64, 50, 'Krämpfer Gärten', 176),
(65, 50, 'Grubenstraße', 176),
(66, 50, 'Hochheimerstraße', 176),
(67, 50, 'Pushkinstraße', 176),
(68, 50, 'Brühler Garten', 176),
(69, 50, 'Am Schwemmbach', 176),
(70, 50, 'Blücherstraße', 176),
(71, 50, 'Drosselberg', 176),
(72, 50, 'Finanzzentrum', 176),
(73, 50, 'Rieth', 176),
(74, 50, 'Domplatz Nord', 176),
(75, 50, 'Lange Brücke', 176),
(76, 50, 'Stadtmuseum/Kaisersaal', 176),
(77, 50, 'Bautzner Weg', 176),
(78, 50, 'Theater', 176),
(79, 50, 'Steigerstraße', 176),
(80, 50, 'Thüringenhalle', 176),
(81, 50, 'Robert-Koch-Straße', 176),
(82, 50, 'Wagenfelderstraße', 176),
(83, 50, 'Roter Berg', 176),
(84, 50, 'Angerbrunnen', 176),
(85, 50, 'Bunsenstraße', 176),
(86, 50, 'MDR/Kinderkanal', 176),
(87, 50, 'Stadion Ost', 176),
(88, 50, 'Messe', 176),
(89, 50, 'Ringelberg', 176),
(90, 0, 'Flughafen / Airport', 176),
(91, 0, 'Löberwallgraben', 176);

--
-- Indexes for dumped tables
--

--
-- Indexes for table `connection`
--
ALTER TABLE `connection`
  ADD PRIMARY KEY (`id`),
  ADD KEY `FKon99f8e7yi2s4di4rdx41gyci` (`destination_station_id`),
  ADD KEY `FKf9bhujl9y9fl8eq79go43dmdc` (`source_station_id`);

--
-- Indexes for table `line`
--
ALTER TABLE `line`
  ADD PRIMARY KEY (`id`);

--
-- Indexes for table `line_entry`
--
ALTER TABLE `line_entry`
  ADD PRIMARY KEY (`id`),
  ADD KEY `FKqv6j2jyv9wevw0sywib48kqec` (`line_id`),
  ADD KEY `FKagfo670drwq6xgn6y3nv5jva9` (`station_id`);

--
-- Indexes for table `network`
--
ALTER TABLE `network`
  ADD PRIMARY KEY (`id`);

--
-- Indexes for table `station`
--
ALTER TABLE `station`
  ADD PRIMARY KEY (`id`),
  ADD KEY `FKntr2bykgv2dk2jfivlg7f3ocm` (`network_id`);

--
-- AUTO_INCREMENT for dumped tables
--

--
-- AUTO_INCREMENT for table `connection`
--
ALTER TABLE `connection`
  MODIFY `id` bigint(20) NOT NULL AUTO_INCREMENT, AUTO_INCREMENT=330;

--
-- AUTO_INCREMENT for table `line`
--
ALTER TABLE `line`
  MODIFY `id` bigint(20) NOT NULL AUTO_INCREMENT, AUTO_INCREMENT=7;

--
-- AUTO_INCREMENT for table `line_entry`
--
ALTER TABLE `line_entry`
  MODIFY `id` bigint(20) NOT NULL AUTO_INCREMENT, AUTO_INCREMENT=330;

--
-- AUTO_INCREMENT for table `network`
--
ALTER TABLE `network`
  MODIFY `id` bigint(20) NOT NULL AUTO_INCREMENT, AUTO_INCREMENT=177;

--
-- AUTO_INCREMENT for table `station`
--
ALTER TABLE `station`
  MODIFY `id` bigint(20) NOT NULL AUTO_INCREMENT, AUTO_INCREMENT=92;

--
-- Constraints for dumped tables
--

--
-- Constraints for table `connection`
--
ALTER TABLE `connection`
  ADD CONSTRAINT `FKf9bhujl9y9fl8eq79go43dmdc` FOREIGN KEY (`source_station_id`) REFERENCES `station` (`id`),
  ADD CONSTRAINT `FKon99f8e7yi2s4di4rdx41gyci` FOREIGN KEY (`destination_station_id`) REFERENCES `station` (`id`);

--
-- Constraints for table `line_entry`
--
ALTER TABLE `line_entry`
  ADD CONSTRAINT `FKagfo670drwq6xgn6y3nv5jva9` FOREIGN KEY (`station_id`) REFERENCES `station` (`id`),
  ADD CONSTRAINT `FKqv6j2jyv9wevw0sywib48kqec` FOREIGN KEY (`line_id`) REFERENCES `line` (`id`);

--
-- Constraints for table `station`
--
ALTER TABLE `station`
  ADD CONSTRAINT `FKntr2bykgv2dk2jfivlg7f3ocm` FOREIGN KEY (`network_id`) REFERENCES `network` (`id`);
COMMIT;

/*!40101 SET CHARACTER_SET_CLIENT=@OLD_CHARACTER_SET_CLIENT */;
/*!40101 SET CHARACTER_SET_RESULTS=@OLD_CHARACTER_SET_RESULTS */;
/*!40101 SET COLLATION_CONNECTION=@OLD_COLLATION_CONNECTION */;
